{ 
    "executionRoleArn": "arn:aws:iam::653751857729:role/ecsTaskExecutionRole", 
    "containerDefinitions": [ 
        { 
            "name": "final", 
            "image": "653751857729.dkr.ecr.ap-south-1.amazonaws.com/serhealth:latest", 
            "essential": true, 
            "portMappings": [ 
                { 
                    "hostPort": 3001, 
                    "protocol": "tcp", 
                    "containerPort": 3001 
                } 
            ] 
        } 
    ], 
    "requiresCompatibilities": [ 
        "FARGATE" 
    ], 
    "networkMode": "awsvpc", 
    "cpu": "256", 
    "memory": "512", 
    "family": "final",
    "taskRoleArn": "arn:aws:iam::653751857729:role/ecsTaskExecutionRole"
} 
