{ 
    "executionRoleArn": "arn:aws:iam::727566160303:role/ecsTaskExecutionRole", 
    "containerDefinitions": [ 
        { 
            "name": "webauto", 
            "image": "727566160303.dkr.ecr.ap-south-1.amazonaws.com/webauto:latest", 
            "essential": true, 
            "portMappings": [ 
                { 
                    "hostPort": 3000, 
                    "protocol": "tcp", 
                    "containerPort": 3000 
                } 
            ] 
        } 
    ], 
    "requiresCompatibilities": [ 
        "FARGATE" 
    ], 
    "networkMode": "awsvpc", 
    "cpu": "256", 
    "memory": "512", 
    "family": "webauto"
    "taskRoleArn": "arn:aws:iam::727566160303:role/ecsTaskExecutionRole"
} 
