{
    "executionRoleArn": null,
    "containerDefinitions": [
        {
            "name": "Webfar",
            "image": "304451288107.dkr.ecr.ap-south-1.amazonaws.com/socketfar:latest",
            "essential": true,
            "portMappings": [
                {
                    "hostPort": 3001,
                    "protocol": "tcp",
                    "containerPort": 3001
                }
            ]
        }
    ],
    "requiresCompatibilities": [
        "FARGATE"
    ],
    "networkMode": "awsvpc",
    "cpu": "256",
    "memory": "512",
    "family": "socketfar"
}
